{
    "last_state": {
        "epoch": 90,
        "train": {
            "loss": 0.12592722693794625
        },
        "test": {
            "loss": 0.2686102837704274
        }
    },
    "best_state": {
        "train": {
            "epoch": 89,
            "train": {
                "loss": 0.12208901120899532
            },
            "test": {
                "loss": 0.18666820237603116
            }
        },
        "test": {
            "epoch": 39,
            "train": {
                "loss": 0.16486948850002583
            },
            "test": {
                "loss": 0.13962314720740732
            }
        }
    }
}