{
    "last_state": {
        "epoch": 4408,
        "train": {
            "loss": 0.1050492908023963
        },
        "test": {
            "loss": 0.21513506794969242
        }
    },
    "best_state": {
        "train": {
            "epoch": 4040,
            "train": {
                "loss": 0.10141711154054585
            },
            "test": {
                "loss": 0.2177947433044513
            }
        },
        "test": {
            "epoch": 104,
            "train": {
                "loss": 0.15675050419356143
            },
            "test": {
                "loss": 0.1795909951130549
            }
        }
    }
}